{"RMSE": 2.3314516316173894, "R-Squared": 0.8863514304933624}